Apple 아이폰 13 256GB [자급제],"1,180,000원",https://cr.shopping.naver.com/adcr.nhn?x=bXW%2FWXnHx03ncc8o%2BF1q9%2F%2F%2F%2Fw%3D%3DsjcQZa%2Bz6dgBGStpR1gvZaLpQ1Q4D7%2BVlwz0a5mnNpLxhJz9H0Ub4KLvuVTVtNMxM8D8ZXp9RGhAUGCv5azQpwN4PvujVM0%2Bxj0P11tj1NO6dd9COmiz%2F5iGJsyHDfxqfkM3APQ9eNQpNcbx755NVpMi30QtKP1mA7BYZPpxeJLexWvZfe2todmJfmpbNrXnqXKJBKazWTMr3TF%2BX7oeAGbix7jXt7MNVc9AIu4EfDZlNEwRr%2B3STfYHGn%2FB5b3e4SnsDfOMOZlbxCspUivFxGKuau7Ijgb8shCaYowFqao7L%2Fowdnq7%2Fmfq67OVRzok0S5SJNLgIdS1XFCtZ5GETGLK1dS6m26wpCBlfLUYLbKRtJphQBHk6ArjkfIoV%2FnSvG1fUqIZ7CTqeNBeEUiuIjWm5dJXt8gUq76%2FCZLOKtmculMSXmodDptJZCDmbU%2FWS8S21Oey7jc5pxS8BquOSqAZJF45uZ9FXDr149XnEtBLPU6pntGCurhu%2FV8uonTYh5X6MB3JdbnBohOi8QY2mspenWtFKqkOtY%2Fg5mgf0CtLDamim%2BTkfHK2Nuua%2BC5jE2AKC7xMfogRMj0hH4kgpd1DI7L82nb5%2FGLrfHwVxAnmPovIzEQ5w0AqiLXlGiGwkQdAiJdwXirBRdnaxfvrBbw%3D%3D&nvMid=29029192591&catId=50001519
Apple 아이폰 13 프로 128GB [자급제],"1,296,000원",https://cr.shopping.naver.com/adcr.nhn?x=L6Xbj2%2FL3GHNpLvvYjgDs%2F%2F%2F%2Fw%3D%3Ds2MqW5heu3HVl%2BbgLu10kUvN6fWCsyvyUANuNMxJcPHsbsBKbbjTB%2BBCjsLv6tz%2BjHlSaysF2dIS13ypcr5CBooMjelWuc93LAMBgq0sfVyf%2FsnNYKHjnyaI1Y3nrEGOtOmLQ6S1OjkxjNZHOv6oeq0gAn8lD2%2BxrgblrBqYwPdWug%2B9sjA7rHdeMLkY%2BwIMU07oJ3o0uS6qCsqzVDCUSCzQZD6UDT51Dg8nNb9lI8fV%2BFLPJmN7kd5F0maTGsL0c%2Fhz5CFdnyYk%2BimXBvnwirxkH0EK3KHQdQYGV4v9EaiXffisv5tHfoGFh7RH%2BtSaOAFJNLWxG%2Fj2gEfGb7GroeENyKKbp7tEt7o2LWYKnMBciYHI%2FkmZ5kEmW8WgonqdQ6nYt0P5vFdgOY0ddt5wMGSUB1JQhmTPvkyL3DGrshzmxSXoBuXI6Jal8phfbB0yQQ5NpxzD%2BGh1Qsf3DjaBN7lca8pJnVAllZ%2FEl77tED7SjGLqO1wkEk1BLb9FBkQMcFFcURuJXcA9fpBODYEj4ut1EXwZkzkR%2B74%2F6S1yM3I4ubzQAWwY%2BZuRCV03k4%2BpfiA3%2FU2AzguC84AnoS7Lq%2BXB8W9bS69Rk0AIsihkAio5INrhxIX4UIYX3NijfhS1dDhLBwu%2FFQS5xWYf5w6G3jQ%3D%3D&nvMid=29030420587&catId=50001519
Apple 아이폰 13 프로 256GB [자급제],"1,430,400원",https://cr.shopping.naver.com/adcr.nhn?x=iTloZTabjNan1As6trTb7P%2F%2F%2Fw%3D%3DsStXuz2%2B7VMS66uGNKrNwujm1RE9z2b4yORVj9izZoH5hJz9H0Ub4KLvuVTVtNMxM82kggtqs4NhWa%2Fu6uN8ybN4PvujVM0%2Bxj0P11tj1NO6dd9COmiz%2F5iGJsyHDfxqfkM3APQ9eNQpNcbx755NVpMi30QtKP1mA7BYZPpxeJLexWvZfe2todmJfmpbNrXnq6b4twwZe%2FXnN8SL9cd67Sbix7jXt7MNVc9AIu4EfDZlNEwRr%2B3STfYHGn%2FB5b3e4SnsDfOMOZlbxCspUivFxGKuau7Ijgb8shCaYowFqao7L%2Fowdnq7%2Fmfq67OVRzok0S5SJNLgIdS1XFCtZ5GETGFK1yFrl1TjGOkOORWsv2Bp1e64%2Bxq2BhT2J3aNN%2FwB9G1fUqIZ7CTqeNBeEUiuIjZhwLgdT%2F8hY%2BuUd6vK6tXgulMSXmodDptJZCDmbU%2FWS8S21Oey7jc5pxS8BquOSqE%2FTBHXcHAY4bdlnuCLZd9N6jvySWdAuqdDBn5xzOS4Io64ifB9DVeZ8ffla9GlFds9xDnKdwQAtRVLIK7Ilcz2S4qYL5SewB%2FJ0ZQMKlijJEs8cFUTVf2EXpmSuc9bAhGoLlpivAgnpoR2Wih6okaqBAI%2F9sQRO2Am9a%2BRTB%2Fq9QdAiJdwXirBRdnaxfvrBbw%3D%3D&nvMid=29030492586&catId=50001519
Apple 아이폰 13 미니 128GB [자급제],"929,000원",https://cr.shopping.naver.com/adcr.nhn?x=iel%2FH%2BW7N%2FpjyL6V33mNeP%2F%2F%2Fw%3D%3DszivM1XwOiVMeviHhBxQf61qhwcrvXz5d1bW2%2F5f%2BegJWQE1WikGGRjsm7ORTamZ7YA0irOFN95rTN0ZDVXSdBtFkQXIWSJEKAyLjcQs2Nu3TxSCM9%2B7xuSGJ404soaUT%2BHPPFK2NRamPQj40r19PNUPg%2F6PYJW9LpCSumzPJoiiI9aZyW4hhCgmcrsQhWGWGoDvSF0ti4vm%2FgippbT9zgPKAXVfyDB1yTbVYYpYzcFnUHxlEatbmVq7jmztE%2FywsAYlipoqVTxYpf8qmUjZLprwATBlpg%2B5RI50xZWXatEpVXemfpmeX70wC2wQT5nyi5pxiwDZPU40LYzhHX%2FcRv3zuqMNjGX6KkgEmNdTGJNSzaLo3YojXuQJMvdaZ%2BI%2Fy%2F0X8gFBBhr6rnnTk5Nq2rCmT%2F8qts%2FDucK1%2FRh%2BGGGWxyTNOpvF5JKAAUscSxRXpjrModG8ApvyDh2g%2Bv61QB9f04SLzEOLuWyApwkiBtsEN%2FOXq06xFLlMCwNDQObjPLcqEhOiscytOptfh0D9%2BArlrx59R3Nvvt16TdbHapMT65TATaaChlruceuda5nw%2BQh2atsvoh%2FQ2HnQRxYfioFWLoLQWhQwlBiT4gq2WbMhWhZ3SMHTcLlpircdRzUgq1JIslBmdxaTx7xO1%2BPPoWw%3D%3D&nvMid=29030650586&catId=50001519
Apple 아이폰 13 프로 맥스 256GB [자급제],"1,630,000원",https://cr.shopping.naver.com/adcr.nhn?x=QWABR6zDnUUME03M%2B2PXT%2F%2F%2F%2Fw%3D%3Ds%2BSm6QI85R7soljXJ7Mo9J1zA7FSP260QOi4y8iV9BnlWQE1WikGGRjsm7ORTamZ7BgCC7fxdxucC%2BpY9hNMyC9FkQXIWSJEKAyLjcQs2Nu3TxSCM9%2B7xuSGJ404soaUT%2BHPPFK2NRamPQj40r19PNUPg%2F6PYJW9LpCSumzPJoiiI9aZyW4hhCgmcrsQhWGWGGRvm2iC%2BAsbJBoGpPZJZjPKAXVfyDB1yTbVYYpYzcFnUHxlEatbmVq7jmztE%2FywsAYlipoqVTxYpf8qmUjZLprwATBlpg%2B5RI50xZWXatEpVXemfpmeX70wC2wQT5nyi5pxiwDZPU40LYzhHX%2FcRv5uVo%2FLLSCG%2FyRUr55gUq%2BCzaLo3YojXuQJMvdaZ%2BI%2Fy%2F0X8gFBBhr6rnnTk5Nq2rLq5iTBKqC%2FBsiQBTPymWNKxyTNOpvF5JKAAUscSxRXpjrModG8ApvyDh2g%2Bv61QB9KPcVZ%2FKrjPa0MWs5Dn6qRqpfOOatAYSzY40VOcDwBMJQ7%2B%2B64EKB%2FCwjrIJoRho4XoysiikCT6LGJBRVNoil7e216MOZ6g0AywxGFOGT1QDWrhHEcp0p%2F%2FKKziu53PdFO1GeZiSu3wDUBTdQr9oAnpo%2FlwodSDjDuGJv2KEaVphWw3%2BIByOa0jCVNQVnCDoA%3D%3D&nvMid=29030294588&catId=50001519
Apple 아이폰 13 프로 맥스 128GB [자급제],"1,430,400원",https://cr.shopping.naver.com/adcr.nhn?x=ZOGmN2hYe62u%2FeYsaWf4BP%2F%2F%2Fw%3D%3DsznWi3uq7XoEyXgV%2FLadeW5vPbNDKQy49GVsjLByuHDpWQE1WikGGRjsm7ORTamZ7QP3lhLz7lrBlndx3TOWzsNFkQXIWSJEKAyLjcQs2Nu3TxSCM9%2B7xuSGJ404soaUT%2BHPPFK2NRamPQj40r19PNUPg%2F6PYJW9LpCSumzPJoiiI9aZyW4hhCgmcrsQhWGWGhHspihOVp8HjBCkc%2F5FPbvKAXVfyDB1yTbVYYpYzcFnUHxlEatbmVq7jmztE%2FywsAYlipoqVTxYpf8qmUjZLprwATBlpg%2B5RI50xZWXatEpVXemfpmeX70wC2wQT5nyi5pxiwDZPU40LYzhHX%2FcRv18FxJtulSLSl45PLfXHpc6zaLo3YojXuQJMvdaZ%2BI%2Fy%2F0X8gFBBhr6rnnTk5Nq2rLW2ZHIRiMT7goZ%2FbA3ijIyxyTNOpvF5JKAAUscSxRXpjrModG8ApvyDh2g%2Bv61QB9KPcVZ%2FKrjPa0MWs5Dn6qQYyRzCtJowbSpMOptZadLXJQ7%2B%2B64EKB%2FCwjrIJoRho4XoysiikCT6LGJBRVNoil51zI5cYvrCQv5T%2BrBsTIjjDWrhHEcp0p%2F%2FKKziu53PdPhuKPun5gkaK8ggjA32E%2BOVQwiLpZUvGEQdZ8Q5tXJ0hWw3%2BIByOa0jCVNQVnCDoA%3D%3D&nvMid=29030367587&catId=50001519
Apple 아이폰 13 128GB [자급제],"1,049,000원",https://cr.shopping.naver.com/adcr.nhn?x=GOOCYPwETRUUKqcUA0JXwv%2F%2F%2Fw%3D%3DsaoaMrAih6%2FAQa4eSEG%2FwW5Dz1snn0JBRso%2FhkSrC2fdhJz9H0Ub4KLvuVTVtNMxMOfeAwhugVCLm%2Fm3ttFtohd4PvujVM0%2Bxj0P11tj1NO6dd9COmiz%2F5iGJsyHDfxqfkM3APQ9eNQpNcbx755NVpMi30QtKP1mA7BYZPpxeJLexWvZfe2todmJfmpbNrXnqNGdmVqT0qJ11casXr%2FJUjrix7jXt7MNVc9AIu4EfDZlNEwRr%2B3STfYHGn%2FB5b3e4SnsDfOMOZlbxCspUivFxGKuau7Ijgb8shCaYowFqao7L%2Fowdnq7%2Fmfq67OVRzok0S5SJNLgIdS1XFCtZ5GETGEMvzDGMzeDRFgFRd80i9K9oKCCrHNKTQTNT32sYCXsdG1fUqIZ7CTqeNBeEUiuIjaFl502OOFnwWU%2B6v3CIQs8ulMSXmodDptJZCDmbU%2FWS8S21Oey7jc5pxS8BquOSqDSv333xY2L4mm1q3k6wL4XPU6pntGCurhu%2FV8uonTYh5X6MB3JdbnBohOi8QY2msgCgzoBaPrAAncFE8zbjJ%2FHDamim%2BTkfHK2Nuua%2BC5jE%2FT9cRxpb0ICQIPgIZ2yqs5P3iqyHLVmzNPDxu5Dmwh3ke%2FVP%2BgM94BPZkP5YJ%2Bex&nvMid=29030374587&catId=50001519
Apple 아이폰 13 미니 256GB [자급제],"1,057,300원",https://cr.shopping.naver.com/adcr.nhn?x=WoCVbpAsnlWhmDb02CT91P%2F%2F%2Fw%3D%3DstXDfA0zHE79sXx4rN%2FHrw2w%2FCaQfhGU2Cf24fqjXeWcbsBKbbjTB%2BBCjsLv6tz%2BjJjn%2BMwN%2FRqIUEu4bhBPRI61JQDC8KoMiNX%2Bz3jv%2BR67%2FsnNYKHjnyaI1Y3nrEGOtOmLQ6S1OjkxjNZHOv6oeq0gAn8lD2%2BxrgblrBqYwPdWug%2B9sjA7rHdeMLkY%2BwIMUdRFHqaZwu7z86DCBOMgIITQZD6UDT51Dg8nNb9lI8fV%2BFLPJmN7kd5F0maTGsL0c%2Fhz5CFdnyYk%2BimXBvnwirxkH0EK3KHQdQYGV4v9EaiXffisv5tHfoGFh7RH%2BtSaOAFJNLWxG%2Fj2gEfGb7GroeOMtFsFsiixGojg4xDrCEQkhuZin2AcjSq8L19GZ%2FoQV6nYt0P5vFdgOY0ddt5wMGdhu6KpI57g26MrSkhVu2ZNbtOJF3WmK%2BvTfXVskms1tQ5NpxzD%2BGh1Qsf3DjaBN7nDk%2FkbHZxyMzTBpfIN1hTO5%2BCy3Yk92%2Bkw%2FaVi0pb%2FAFFcURuJXcA9fpBODYEj4ut1EXwZkzkR%2B74%2F6S1yM3I4Gc9UbuEyeuqZwaxrYwWB2iA3%2FU2AzguC84AnoS7Lq%2BapAKc95Je0E8Q02RI3UbVxgVAs%2B15TMNIf%2B0TrCImdJDhLBwu%2FFQS5xWYf5w6G3jQ%3D%3D&nvMid=29030437590&catId=50001519
Apple 아이폰 13 프로 512GB [자급제],"1,760,000원",https://cr.shopping.naver.com/adcr.nhn?x=sBu3fJMkvbjCGWtEaghJv%2F%2F%2F%2Fw%3D%3Dsq9rszLaDBlaAgpjlroT9Q%2F2682f3Nnf56K2lTQseaFQbsBKbbjTB%2BBCjsLv6tz%2BjAbUjznb8OUThg0BZSs4PRHWKirW14JnWUJPfST6bSSf%2FsnNYKHjnyaI1Y3nrEGOtOmLQ6S1OjkxjNZHOv6oeq0gAn8lD2%2BxrgblrBqYwPdWug%2B9sjA7rHdeMLkY%2BwIMU%2F7r9owRKQwA1obAu19o%2FvDQZD6UDT51Dg8nNb9lI8fV%2BFLPJmN7kd5F0maTGsL0c%2Fhz5CFdnyYk%2BimXBvnwirxkH0EK3KHQdQYGV4v9EaiXffisv5tHfoGFh7RH%2BtSaOAFJNLWxG%2Fj2gEfGb7GroeIEmjyxuq%2FbkGBidqeYE00DPz5nBJbPtL6s2r4mMiPIN6nYt0P5vFdgOY0ddt5wMGbhZtGI2ecoxEwYJLJjL1caxSXoBuXI6Jal8phfbB0yQQ5NpxzD%2BGh1Qsf3DjaBN7lca8pJnVAllZ%2FEl77tED7RES6RLsp962bwc6PvicBTtFFcURuJXcA9fpBODYEj4ut1EXwZkzkR%2B74%2F6S1yM3I4709ykkLeoFeu0BZS6EksniA3%2FU2AzguC84AnoS7Lq%2BepkyUhyYoOTERQF1MY30VwDpf3m8HGkVs7mj6i5PTXLDhLBwu%2FFQS5xWYf5w6G3jQ%3D%3D&nvMid=29030416587&catId=50001519
Apple 아이폰 13 프로 맥스 512GB [자급제],"1,824,000원",https://cr.shopping.naver.com/adcr.nhn?x=I6QePh%2F4%2B48oVgrYD5Tqtv%2F%2F%2Fw%3D%3DsHa6hTT6LVPgAEAlRpNHNum3pfkS4x9wDIPjFjrZLfu4bsBKbbjTB%2BBCjsLv6tz%2BjiXH7TaxY%2B6xNLnWSe66awDdby9%2FcXLnakBuMdlB2mPH%2FsnNYKHjnyaI1Y3nrEGOtOmLQ6S1OjkxjNZHOv6oeq0gAn8lD2%2BxrgblrBqYwPdWug%2B9sjA7rHdeMLkY%2BwIMU8l8EUbQKNtJLHSrS0FW8ATQZD6UDT51Dg8nNb9lI8fV%2BFLPJmN7kd5F0maTGsL0c%2Fhz5CFdnyYk%2BimXBvnwirxkH0EK3KHQdQYGV4v9EaiXffisv5tHfoGFh7RH%2BtSaOAFJNLWxG%2Fj2gEfGb7GroeExz1eFqQGfP7Pnpr38TuwBBIw9qh3N93eEai9iMeVn36nYt0P5vFdgOY0ddt5wMGdXuZRfRwwX3aCqSue4j5mKAQ%2BNIqlmjXmDKTrrOSU2AQ5NpxzD%2BGh1Qsf3DjaBN7lca8pJnVAllZ%2FEl77tED7TMiO1EwBl248hVErpnkKDk5RPNCjcG3zcXpELBiXo0ZLE14c3ipMp8JVeYhuNm1MNX1Bb%2BP3eiiPXEoFJNeR1tX91vc7s8fObbQSeDF9%2BDXrr31KEQEvFNO0CKwjGKia2kbwEu1mj0iDVuRtYKlJhXVoWd0jB03C5aYq3HUc1IKtSSLJQZncWk8e8Ttfjz6Fs%3D&nvMid=29029192586&catId=50001519
Apple 아이폰 13 미니 512GB [자급제],"1,319,000원",https://cr.shopping.naver.com/adcr.nhn?x=lId9EYtGOzfAIa7iGhxm7v%2F%2F%2Fw%3D%3DsSVObs8hjhbIgVkaKZ%2BucHWW2vUDKwI1jcrwR%2F6VYJTlWQE1WikGGRjsm7ORTamZ7BoJqONAq7qG7s%2FXec6adcdFkQXIWSJEKAyLjcQs2Nu3TxSCM9%2B7xuSGJ404soaUT%2BHPPFK2NRamPQj40r19PNUPg%2F6PYJW9LpCSumzPJoiiI9aZyW4hhCgmcrsQhWGWGRcIO%2FsSRKHMrPSPiMPM2BfKAXVfyDB1yTbVYYpYzcFnUHxlEatbmVq7jmztE%2FywsAYlipoqVTxYpf8qmUjZLprwATBlpg%2B5RI50xZWXatEpVXemfpmeX70wC2wQT5nyi5pxiwDZPU40LYzhHX%2FcRv%2Fh%2BCSm375VmteP5XiyGhRuzaLo3YojXuQJMvdaZ%2BI%2Fy%2F0X8gFBBhr6rnnTk5Nq2rF53t%2B3QoJYb4yEm4wbkgs6xyTNOpvF5JKAAUscSxRXpjrModG8ApvyDh2g%2Bv61QBxc4Kvpygo5zVB8uYEvhv94N%2FOXq06xFLlMCwNDQObjPLcqEhOiscytOptfh0D9%2BAu6tcnp1YaraO8WbMJ9BvfKnmCQIsfFHup%2FyEPQ%2FfnE%2Fv4YGjJCSIW1IvBxXT1wG9xtplWccZL2W0jhRsCIuInZjtEEnHZo%2B%2FVuCJHvsmHjrDVCYCaeglF2rgr1u2OQIzQ%3D%3D&nvMid=29030296587&catId=50001519
Apple 아이폰 13 프로 256GB [LG U+],"961,990원",https://cr.shopping.naver.com/adcr.nhn?x=BW%2FXrFLpxpxP8%2B1y4Y0urv%2F%2F%2Fw%3D%3DsIvfZ5NoP0EkrDMBint5b5lFdrQ8kJMaqShlmxB5vJp5WQE1WikGGRjsm7ORTamZ7VsNfFSmK%2F4zYXljcKgOCF9FkQXIWSJEKAyLjcQs2Nu3TxSCM9%2B7xuSGJ404soaUT%2BHPPFK2NRamPQj40r19PNUPg%2F6PYJW9LpCSumzPJoiiI9aZyW4hhCgmcrsQhWGWG1qpTT70Ggsw7BdaCH1Z5mvKAXVfyDB1yTbVYYpYzcFnUHxlEatbmVq7jmztE%2FywsAYlipoqVTxYpf8qmUjZLprwATBlpg%2B5RI50xZWXatEpVXemfpmeX70wC2wQT5nyi5pxiwDZPU40LYzhHX%2FcRvxztrlXGXmGeYvSQoRBdLzCzaLo3YojXuQJMvdaZ%2BI%2FyLqWgWd0hjfnomE3vy2MrU6RFQmxO%2BDPpPeQ%2FjwG6R2yxyTNOpvF5JKAAUscSxRXpjrModG8ApvyDh2g%2Bv61QB3kI42hxPR0ucLHkciJlTSz%2FzaVgfXndF2fkBs0qzZTvfpF8bfclcJjAeddKIqLqoKihOClNY%2FMliD%2F5TI39RtsUsqiq%2BaRdh19ZzFGBbFc8LBnkb7GsX8XdOoK5aByLe%2BxbxmS6m3dO1qDdH19UBE%2Fke%2FVP%2BgM94BPZkP5YJ%2Bex&nvMid=29030415586&catId=50000248
Apple 아이폰 13 프로 1TB [자급제],"1,948,800원",https://cr.shopping.naver.com/adcr.nhn?x=vOOx1epTJVpKpAaXude9Bv%2F%2F%2Fw%3D%3DsQciOzqpqU1ODzKncQdMtNz1QMnT5r38MZlMUBwYG7opWQE1WikGGRjsm7ORTamZ76D8bFpJOEMXPfwXgRbc6ItFkQXIWSJEKAyLjcQs2Nu3TxSCM9%2B7xuSGJ404soaUT%2BHPPFK2NRamPQj40r19PNUPg%2F6PYJW9LpCSumzPJoiiI9aZyW4hhCgmcrsQhWGWG4P666JAigMTzVZ%2Bn3tMVP%2FKAXVfyDB1yTbVYYpYzcFnUHxlEatbmVq7jmztE%2FywsAYlipoqVTxYpf8qmUjZLprwATBlpg%2B5RI50xZWXatEpVXemfpmeX70wC2wQT5nyi5pxiwDZPU40LYzhHX%2FcRvxuwdDA%2BO%2F%2BmU%2BjyIEfLvsKzaLo3YojXuQJMvdaZ%2BI%2Fy%2F0X8gFBBhr6rnnTk5Nq2rBncKaMhjSfTIcx0wfCOJd2xyTNOpvF5JKAAUscSxRXpjrModG8ApvyDh2g%2Bv61QB4hhUHSIqUSzlwwt5cSI9Il1I8EDCh5n2RBrPUf%2BYM4BX8a%2FHvPOPEuDd1Ce%2FzZYNZ9Uc3toZtz7ip%2B0sHDPwbb9gH8JAZ30Tvu4VpJIEyb5hTj8Nm2pwYInjXfttSFW1WzLFbqG2vKgtv62lVEyoQsDfkLIyuldBS3f8m8e6nLmzUhNzs2VE%2B%2Bisqs3JAEppg%3D%3D&nvMid=29029192588&catId=50001519
Apple 아이폰 13 미니 128GB [LG U+],"433,990원",https://cr.shopping.naver.com/adcr.nhn?x=%2FEoPtZONW2H27%2FEytG%2F7s%2F%2F%2F%2Fw%3D%3Dsx5d0uTOWlez0Kk%2BGuE7Tg6tAz5eq59fbIlmghK4kx7phJz9H0Ub4KLvuVTVtNMxMprnqzm9v8vGbxH36wVDHH94PvujVM0%2Bxj0P11tj1NO6dd9COmiz%2F5iGJsyHDfxqfkM3APQ9eNQpNcbx755NVpMi30QtKP1mA7BYZPpxeJLexWvZfe2todmJfmpbNrXnq%2BhHtf9UPvVuecHCypfH0H7ix7jXt7MNVc9AIu4EfDZlNEwRr%2B3STfYHGn%2FB5b3e4SnsDfOMOZlbxCspUivFxGKuau7Ijgb8shCaYowFqao7L%2Fowdnq7%2Fmfq67OVRzok0S5SJNLgIdS1XFCtZ5GETGCRutmzXzLLAyew7LFzlBkfuk92w7aVpQhDh3G3J2z2uH7RUU7G7711p3Of%2B6gz7p4i%2B%2B0TiN1WHckstX11vwyMulMSXmodDptJZCDmbU%2FWS8S21Oey7jc5pxS8BquOSqAPzQvOQpktRn2nqaAl90BiPU2Wu48FXzKTpLeNC9BkySZv9Z3vZVGXYiyeb1%2FD5s9uHXGTAG06nTcdOHuvqCaYXzfoR1SYC6kcE5AAIePuTin2nQlLpklqgvDNCmq4mYH%2BVJrcor7s5f%2FJTs6pnRpkDfkLIyuldBS3f8m8e6nLmzUhNzs2VE%2B%2Bisqs3JAEppg%3D%3D&nvMid=29030431586&catId=50000248
Apple 아이폰 13 512GB [자급제],"1,455,000원",https://cr.shopping.naver.com/adcr.nhn?x=oMNz6P5IGUepd4NNzOYhof%2F%2F%2Fw%3D%3DsnjvLteEm7QYlUerZNtambh8Laif5FICMESjaw9m6tplhJz9H0Ub4KLvuVTVtNMxM5%2Fk0%2Bty%2BJk5GqF1QuqO6kt4PvujVM0%2Bxj0P11tj1NO6dd9COmiz%2F5iGJsyHDfxqfkM3APQ9eNQpNcbx755NVpMi30QtKP1mA7BYZPpxeJLexWvZfe2todmJfmpbNrXnqMp%2F9XPfjTZN93E2a1T98erix7jXt7MNVc9AIu4EfDZlNEwRr%2B3STfYHGn%2FB5b3e4SnsDfOMOZlbxCspUivFxGKuau7Ijgb8shCaYowFqao7L%2Fowdnq7%2Fmfq67OVRzok0S5SJNLgIdS1XFCtZ5GETGNkDAGlUis%2B7k8RNdOR8cVid6PbPnc9RLVNJQhjAPciPG1fUqIZ7CTqeNBeEUiuIjRXHWM7gXKNzK85Lvu0ZShsulMSXmodDptJZCDmbU%2FWS8S21Oey7jc5pxS8BquOSqBDNRgebk3hlYyp7a3bInYHPU6pntGCurhu%2FV8uonTYh5X6MB3JdbnBohOi8QY2msjBTWWcQ9zZidSAHgJUZnCbDamim%2BTkfHK2Nuua%2BC5jEZq5ieQIRcSos8l9CjsJM6mhE1fJdhL9BzN1nKWWK3OFXc50eBITwugSNPH3Ok09sVpGw61BSdoQRvEGgfFlc5w%3D%3D&nvMid=29030496586&catId=50001519
Apple 아이폰 13 미니 256GB [LG U+],"565,990원",https://cr.shopping.naver.com/adcr.nhn?x=EMcKlaMvFVq%2B1f3rA5wbKP%2F%2F%2Fw%3D%3DsYjvXnugtePNRwMsNPKpSdV%2FnBgSL6mKL6DzN2QH54kwbsBKbbjTB%2BBCjsLv6tz%2BjnKtKccmjhFz2Otp10%2BE6u4Napsm8psQNsqQXfC9e4yz%2FsnNYKHjnyaI1Y3nrEGOtOmLQ6S1OjkxjNZHOv6oeq0gAn8lD2%2BxrgblrBqYwPdWug%2B9sjA7rHdeMLkY%2BwIMUH9J2IBuyzX11BjOUDWY3GjQZD6UDT51Dg8nNb9lI8fV%2BFLPJmN7kd5F0maTGsL0c%2Fhz5CFdnyYk%2BimXBvnwirxkH0EK3KHQdQYGV4v9EaiXffisv5tHfoGFh7RH%2BtSaOAFJNLWxG%2Fj2gEfGb7GroeEh%2FwT3VWmHoz0bBTya1RThJYpwur%2FPXEojA4t3%2FB1fhXDWTeRReOiaoO3w1jY%2BQmuT%2FsQtFGU0g23hYngczss2ZCuKWDW7nYdLBNNi6Dt%2BXQ5NpxzD%2BGh1Qsf3DjaBN7nDk%2FkbHZxyMzTBpfIN1hTOUGneStN3BEGVBNsX%2BzG8Q8jR8gVF8FlQ9pItE8Zzc8g2M31DASV%2FmfgZEaEf4fO4jquXv%2BzQv2Piqv1AnRAtd%2BgtF15PMkmjkNDmi88yMRUY8DWUpz5pPvOwltLqknx70UbNk5di1V8jUMbmtHii%2FBq7h9PA5SrIXrcWPClBGWw%3D%3D&nvMid=29030376589&catId=50000248
Apple 아이폰 13 프로 128GB [LG U+],"829,990원",https://cr.shopping.naver.com/adcr.nhn?x=QBkVHTzK22OQ1IpuLK0iu%2F%2F%2F%2Fw%3D%3DsjtnKBJDKzQE%2BLdDWl7BAZpjyUG7ePLjwKJ%2B90KUkYxUbsBKbbjTB%2BBCjsLv6tz%2BjvPe8A4QSyIAkywwdLFdTpvVyObBlnXXz7wDni9V0b6v%2FsnNYKHjnyaI1Y3nrEGOtOmLQ6S1OjkxjNZHOv6oeq0gAn8lD2%2BxrgblrBqYwPdWug%2B9sjA7rHdeMLkY%2BwIMUAcBTqEozy4pkQ0spRQIsFTQZD6UDT51Dg8nNb9lI8fV%2BFLPJmN7kd5F0maTGsL0c%2Fhz5CFdnyYk%2BimXBvnwirxkH0EK3KHQdQYGV4v9EaiXffisv5tHfoGFh7RH%2BtSaOAFJNLWxG%2Fj2gEfGb7GroeGmxBhrncRaBIUkUlUdT6Uxub0ekOaWBrnznYGuFbGiiXDWTeRReOiaoO3w1jY%2BQmjMLsgUzdihbZWsERo9NNY5btOJF3WmK%2BvTfXVskms1tQ5NpxzD%2BGh1Qsf3DjaBN7lca8pJnVAllZ%2FEl77tED7THAuPaFvy0L4sv6FThvXOs8jR8gVF8FlQ9pItE8Zzc8tH6oMOJTBNP0wRsbEQMRi4X7uTPiWc%2ByqEDdMqp%2FyvP%2BgtF15PMkmjkNDmi88yMRaVzjG2z15Ctvt1e4cBWxgf0UbNk5di1V8jUMbmtHii%2FBq7h9PA5SrIXrcWPClBGWw%3D%3D&nvMid=29030175590&catId=50000248
Apple 아이폰 13 프로 맥스 256GB [LG U+],"1,093,990원",https://cr.shopping.naver.com/adcr.nhn?x=mybGVnpBnNmOhY4w7kUFY%2F%2F%2F%2Fw%3D%3DsbR1nC%2BYRFmguiiCUwEs2ztzMliKYp6usY%2FEs0OVlI38g7RndQ%2FWXKZDd0wdf8DKKf92EKp5LU1vccYnuby9eOezb8xtaQYKwDVJvP0ZU9CFPCeLYpJ52eSZBMwksFp25Z51b4zIIhzI2xYZuL9f9QD9rXyqENDUD8omnd%2BAEOisWFkipsSYwakHM8mVk3uH61%2FJFcx0uvKt14uCVp39smYvFOQV9u2CZQf15VdnhYXrAAAoMcuyLGJm3tzIQHXVUAzUpQzdl9Jz3bvyQ2Yo5oWMjnQdnL9wtXZ1LI9BLQeEQhkkHXK4%2FmSRy5icYE%2F27Ol3zqkeUnHu%2BPM7rQLLPKe2S7flORrZG9A0JklysRg5XfqiCwBtPYYwEdSt6i2JAQEJwufU6UXh2ozJpaN7c9YKRWQRoKUYseJSMX4ors%2BUEc05LTibBt%2FawtKKLwCqnk6qjg%2F%2B%2B1yHbR7Om%2F12%2BtAm3dAkP%2Fn0VvyxjRZxDM5AHyKwMIinsXLRIwPAEQA4X2UjohpK7sZyY83SOIj%2FwoMDuvPTHDpd8LwS9dUVlHmHvW2q1ZBpuV%2F%2FvtKUgTGHnLPgZS2Cidwe52oAEpJ9mdj1V%2BnDKGgAHi6Oj%2Br06Z0%2FHICEQpPL7Rm%2B2fyhjEhHR&nvMid=29030190586&catId=50000248
Apple 아이폰 13 128GB [LG U+],"565,990원",https://cr.shopping.naver.com/adcr.nhn?x=qMcnUWd%2BcjdoSOxIXMyk7v%2F%2F%2Fw%3D%3Ds7Yl%2FOl%2FKY1sQ5JN%2Fi8TdZ5bBGmAFwLkfPXwtduFGgnFWQE1WikGGRjsm7ORTamZ7rPY4gevs2avbRVQa4K18GdFkQXIWSJEKAyLjcQs2Nu3TxSCM9%2B7xuSGJ404soaUT%2BHPPFK2NRamPQj40r19PNUPg%2F6PYJW9LpCSumzPJoiiI9aZyW4hhCgmcrsQhWGWGwosKqTnb%2BAqxbJsu%2BamdqfKAXVfyDB1yTbVYYpYzcFnUHxlEatbmVq7jmztE%2FywsAYlipoqVTxYpf8qmUjZLprwATBlpg%2B5RI50xZWXatEpVXemfpmeX70wC2wQT5nyi5pxiwDZPU40LYzhHX%2FcRv1ccCoBREtPCJaBUPXp65kyzaLo3YojXuQJMvdaZ%2BI%2FyLqWgWd0hjfnomE3vy2MrU5rJ6waW0TBno%2Fk2vxy%2B9sexyTNOpvF5JKAAUscSxRXpjrModG8ApvyDh2g%2Bv61QB8Y7YlAvEakB77%2FCbXhDtrmhzDfp6Y5Zq42WobtISlGzbDgfm78NqUslrTiGuyy0AcGl4BxFMu1Ua0V6R%2FHxfaQRpOFzCbaM6OU97uoPifjrXue5RFW88zjPWQxr9kxJoyZZTIr93YN6u%2BwHE1dN98OCqA6%2BrrPkSkQjk3bFq%2FUy&nvMid=29030372586&catId=50000248
Apple 아이폰 13 프로 512GB [LG U+],"1,225,990원",https://cr.shopping.naver.com/adcr.nhn?x=ZlOWDdRWR1gWn1lUd9xv4P%2F%2F%2Fw%3D%3DsywH17%2BgvbCikwlW1fWRZLMoRdqOR8vWClv0PJQRKLBRWQE1WikGGRjsm7ORTamZ76QwLYKhcuVSBtFllrJWZ6tFkQXIWSJEKAyLjcQs2Nu3TxSCM9%2B7xuSGJ404soaUT%2BHPPFK2NRamPQj40r19PNUPg%2F6PYJW9LpCSumzPJoiiI9aZyW4hhCgmcrsQhWGWGsM41xYZMvstYZslGG4yYf%2FKAXVfyDB1yTbVYYpYzcFnUHxlEatbmVq7jmztE%2FywsAYlipoqVTxYpf8qmUjZLprwATBlpg%2B5RI50xZWXatEpVXemfpmeX70wC2wQT5nyi5pxiwDZPU40LYzhHX%2FcRvwl90JrOYREA8jUGJ7lPoVizaLo3YojXuQJMvdaZ%2BI%2FyLqWgWd0hjfnomE3vy2MrU4h%2BcRK7%2FN7hGXRrttaJlWixyTNOpvF5JKAAUscSxRXpjrModG8ApvyDh2g%2Bv61QB4477o7USeaHMDW4VjUWS83%2FzaVgfXndF2fkBs0qzZTvfpF8bfclcJjAeddKIqLqoMg%2BJC4kCrjnfgs3veJma%2FzLtD%2BflYcx6RNXB2X3qNkXd2QIbETrDLOUbSBmEJiAptqRpqKiosAG2g17BzyFlnRXc50eBITwugSNPH3Ok09sVpGw61BSdoQRvEGgfFlc5w%3D%3D&nvMid=29030295586&catId=50000248
Apple 아이폰 13 프로 맥스 128GB [LG U+],"961,990원",https://cr.shopping.naver.com/adcr.nhn?x=iDVIZ0lx3IIq5wvMl8sTYv%2F%2F%2Fw%3D%3DsCohANz7eXf30pWgJtkfEVFEFMMhoX4MRZBAd6lHbCyphJz9H0Ub4KLvuVTVtNMxMIGUFpozh2RIn19EnFILxKt4PvujVM0%2Bxj0P11tj1NO6dd9COmiz%2F5iGJsyHDfxqfkM3APQ9eNQpNcbx755NVpMi30QtKP1mA7BYZPpxeJLexWvZfe2todmJfmpbNrXnqW6RWFOvR2FN0g9uRh450ELix7jXt7MNVc9AIu4EfDZlNEwRr%2B3STfYHGn%2FB5b3e4SnsDfOMOZlbxCspUivFxGKuau7Ijgb8shCaYowFqao7L%2Fowdnq7%2Fmfq67OVRzok0S5SJNLgIdS1XFCtZ5GETGKV7Ksvp5wwZufV7aJoGGgoncNvTLYFqI8oCr%2FwqYPU9H7RUU7G7711p3Of%2B6gz7p8Q15tq34bHUzztjQtYhQd4ulMSXmodDptJZCDmbU%2FWS8S21Oey7jc5pxS8BquOSqB9aPs60XaAs0yLnBVw2nho6c3LzYb1WUhQ7KL%2BYXh9qmlPajaisdEHNdTMLgTpRZq2qPKkuIX8VWQpeVrSnfWfdu3TslKU9myFrvU1wTETxYnHIcETcJifOE8sb44IMxaA5ErlUPpTZSz9Z8XQObhEbcHsPpwJtsdUnSQlf3sEpDhLBwu%2FFQS5xWYf5w6G3jQ%3D%3D&nvMid=29030352586&catId=50000248
Apple 아이폰 13 미니 512GB [LG U+],"840,990원",https://cr.shopping.naver.com/adcr.nhn?x=ilmo8C3sJpwJUgUNJ%2FyQZ%2F%2F%2F%2Fw%3D%3DszYFIOOoQBN%2FednDVEGqWVPsjaL5oJSTLexT2TiprBcobsBKbbjTB%2BBCjsLv6tz%2BjPbRUvAvcd7iEy940DSaqWCFJ5uEdoBo17hZr0txmElX%2FsnNYKHjnyaI1Y3nrEGOtOmLQ6S1OjkxjNZHOv6oeq0gAn8lD2%2BxrgblrBqYwPdWug%2B9sjA7rHdeMLkY%2BwIMUYN6xeMDoEaAupbc0zTGDWzQZD6UDT51Dg8nNb9lI8fV%2BFLPJmN7kd5F0maTGsL0c%2Fhz5CFdnyYk%2BimXBvnwirxkH0EK3KHQdQYGV4v9EaiXffisv5tHfoGFh7RH%2BtSaOAFJNLWxG%2Fj2gEfGb7GroeOd%2BW7rL1c9j4OUWhgpdyh4OQ7ZeUPA%2FMxFYiZBtXUuJXDWTeRReOiaoO3w1jY%2BQmuKuj%2F9c5XZkKSjaYPHR6amAQ%2BNIqlmjXmDKTrrOSU2AQ5NpxzD%2BGh1Qsf3DjaBN7nDk%2FkbHZxyMzTBpfIN1hTMFp1UnEPxT%2FlNfJS%2BGCP%2FW8jR8gVF8FlQ9pItE8Zzc8sQG%2FfWP%2FI60yas7Bpj88lWYf%2B6nGwbuEG3dzTXdo1%2BF%2BgtF15PMkmjkNDmi88yMRd477z4b8MuhDEEHr8Weg7P0UbNk5di1V8jUMbmtHii%2FBq7h9PA5SrIXrcWPClBGWw%3D%3D&nvMid=29030419586&catId=50000248
Apple 아이폰 13 프로 맥스 512GB [LG U+],"1,357,990원",https://cr.shopping.naver.com/adcr.nhn?x=gEFS7KuIXqkD9iy0vMPsxf%2F%2F%2Fw%3D%3Ds1fX%2B4DBJOLfFD1w4NxD4CJT2vjBOGz6BsLzKLISZlVlWQE1WikGGRjsm7ORTamZ7IqRKeVKrp%2F8bvhEAM0JsbdFkQXIWSJEKAyLjcQs2Nu3TxSCM9%2B7xuSGJ404soaUT%2BHPPFK2NRamPQj40r19PNUPg%2F6PYJW9LpCSumzPJoiiI9aZyW4hhCgmcrsQhWGWGu52btaJn1DX5MN1%2BFeF7CPKAXVfyDB1yTbVYYpYzcFnUHxlEatbmVq7jmztE%2FywsAYlipoqVTxYpf8qmUjZLprwATBlpg%2B5RI50xZWXatEpVXemfpmeX70wC2wQT5nyi5pxiwDZPU40LYzhHX%2FcRv0SlVo8HSUxgzv2wuVvhUGCzaLo3YojXuQJMvdaZ%2BI%2FyLqWgWd0hjfnomE3vy2MrU1aAA9GEK3cx5mWoXN9vaRWxyTNOpvF5JKAAUscSxRXpjrModG8ApvyDh2g%2Bv61QB9KPcVZ%2FKrjPa0MWs5Dn6qQShByR6lx4fZu6dlciio5Ho64ifB9DVeZ8ffla9GlFdiLk77kdC0XH1c6tkDsTmCW0R2MQJ2LK1nnMJEAvEj6SEs8cFUTVf2EXpmSuc9bAhGXsMJ%2B0uNY6NVzdAvgxAp79SwTHwQeqmOFc125xCkr9HRyPBWbUFRhWScTsgQynPg%3D%3D&nvMid=29030181590&catId=50000248
Apple 아이폰 13 256GB [LG U+],"708,990원",https://cr.shopping.naver.com/adcr.nhn?x=AGxXSq7FZFGdpgMOm1Fe3P%2F%2F%2Fw%3D%3Dsu552H8miF9DwyTM15J7Gj8KsDZEzig%2BoVu0MzFQgD2hhJz9H0Ub4KLvuVTVtNMxM%2BTVZjU%2Bteuk7Jn6km7Ib%2B94PvujVM0%2Bxj0P11tj1NO6dd9COmiz%2F5iGJsyHDfxqfkM3APQ9eNQpNcbx755NVpMi30QtKP1mA7BYZPpxeJLexWvZfe2todmJfmpbNrXnqxxsm%2FS7PvYrIy2gc0Hbz67ix7jXt7MNVc9AIu4EfDZlNEwRr%2B3STfYHGn%2FB5b3e4SnsDfOMOZlbxCspUivFxGKuau7Ijgb8shCaYowFqao7L%2Fowdnq7%2Fmfq67OVRzok0S5SJNLgIdS1XFCtZ5GETGHjGV2j9UJWv0QIyR%2FLVwiJ1e64%2Bxq2BhT2J3aNN%2FwB9H7RUU7G7711p3Of%2B6gz7p713cJ4NW1nSkyJcKwH1bPgulMSXmodDptJZCDmbU%2FWS8S21Oey7jc5pxS8BquOSqCUKEIof2Vcv8M3kurMkjBL5YbLlxragaaIQX6kJDBj8D6QkZjCZcMNTR4jeTmX45Zcl%2FGnHPWtG2bHhoihK4cQNauEcRynSn%2F8orOK7nc90bLiuyug324KKrT72aSbDS1%2Fq5NYd%2FcZ9JoRVHtmFq3HLVWGr8fvvH1mWvUgXPK6j&nvMid=29030189588&catId=50000248
Apple 아이폰 13 프로 맥스 1TB [LG U+],"1,632,990원",https://cr.shopping.naver.com/adcr.nhn?x=XcjmGrpHQxdYZBdjzuh4Pf%2F%2F%2Fw%3D%3DsIOnKEHlv%2B9xh3wEkuZGZjqob346F4%2FYiDAkI%2FOjnnhphJz9H0Ub4KLvuVTVtNMxMmqHxlzeyQQ8Z3qJoc0nvVt4PvujVM0%2Bxj0P11tj1NO6dd9COmiz%2F5iGJsyHDfxqfkM3APQ9eNQpNcbx755NVpMi30QtKP1mA7BYZPpxeJLexWvZfe2todmJfmpbNrXnqtEOmvpx%2BMqvJh%2Birm3Rmqrix7jXt7MNVc9AIu4EfDZlNEwRr%2B3STfYHGn%2FB5b3e4SnsDfOMOZlbxCspUivFxGKuau7Ijgb8shCaYowFqao7L%2Fowdnq7%2Fmfq67OVRzok0S5SJNLgIdS1XFCtZ5GETGGBoTU9hrA7HHwSloQ9nDf3JxazdOMMdW%2FhzVKqxe625H7RUU7G7711p3Of%2B6gz7p8Edn6fRsPh6AKjdSUdxZdMulMSXmodDptJZCDmbU%2FWS8S21Oey7jc5pxS8BquOSqB9aPs60XaAs0yLnBVw2nhoUA%2FVFLjHlAY33ZWYItz8yhOBUHb0ZqO6MTkr8MsJnIRt%2F8fhw9EkKOk7Vg%2F4lkeZ%2Fr8PZ1NCbSgwF81rIfvmCEaThcwm2jOjlPe7qD4n460TcqUsRphoW7Fzz0XKPCYd595d4L%2FzgDUfDLhX5IIahgqgOvq6z5EpEI5N2xav1Mg%3D%3D&nvMid=29030181587&catId=50000248
Apple 아이폰 13 프로 1TB [LG U+],"1,478,990원",https://cr.shopping.naver.com/adcr.nhn?x=otW6fjKbf3H42Tm%2F0iRKaP%2F%2F%2Fw%3D%3DsOzxGXQF8rYhYKHRYP36CQTLCXOVWVClGgmcxY8rrNLEbsBKbbjTB%2BBCjsLv6tz%2Bjx89FzwvjJE%2BNOaagzX3OzAH58bYcdmysDbEv3libtxH%2FsnNYKHjnyaI1Y3nrEGOtOmLQ6S1OjkxjNZHOv6oeq0gAn8lD2%2BxrgblrBqYwPdWug%2B9sjA7rHdeMLkY%2BwIMUDGwE3QsWN9QrsglmPdQz5zQZD6UDT51Dg8nNb9lI8fV%2BFLPJmN7kd5F0maTGsL0c%2Fhz5CFdnyYk%2BimXBvnwirxkH0EK3KHQdQYGV4v9EaiXffisv5tHfoGFh7RH%2BtSaOAFJNLWxG%2Fj2gEfGb7GroeLm9nqV9A8v5kjskoNsTk7f7j9OoiS2Kpg0gBwdSXJ8EXDWTeRReOiaoO3w1jY%2BQmrTWsBKBQUWca2mdwRhfZSuAQ%2BNIqlmjXmDKTrrOSU2AQ5NpxzD%2BGh1Qsf3DjaBN7lca8pJnVAllZ%2FEl77tED7Q9Sa1Bijrg0shRzDN13rirXGfKYExq7uG4FGIUYcPNsTPCOyiWbkUIl%2Brvmph1enO7lTJ7i8At5slnptoUbMIqv4YGjJCSIW1IvBxXT1wG9zu3BSol5vnnk%2FCjaNHbqhNjtEEnHZo%2B%2FVuCJHvsmHjrDVCYCaeglF2rgr1u2OQIzQ%3D%3D&nvMid=29030294586&catId=50000248
Apple 아이폰 13 512GB [LG U+],"972,990원",https://cr.shopping.naver.com/adcr.nhn?x=xkkNviIhjfKuA%2B4EThl1wP%2F%2F%2Fw%3D%3DsR%2BknKkLMXGxMLjT4aHPOtBeddPDX%2BffhqEiSGmmvRp9hJz9H0Ub4KLvuVTVtNMxMHaj%2FMCDSodz0QNFlNLzPx94PvujVM0%2Bxj0P11tj1NO6dd9COmiz%2F5iGJsyHDfxqfkM3APQ9eNQpNcbx755NVpMi30QtKP1mA7BYZPpxeJLexWvZfe2todmJfmpbNrXnqJg934XoEkbAciqCMIan0C7ix7jXt7MNVc9AIu4EfDZlNEwRr%2B3STfYHGn%2FB5b3e4SnsDfOMOZlbxCspUivFxGKuau7Ijgb8shCaYowFqao7L%2Fowdnq7%2Fmfq67OVRzok0S5SJNLgIdS1XFCtZ5GETGHdb%2FPtjHrloIVRgQfNVTKJ1e64%2Bxq2BhT2J3aNN%2FwB9H7RUU7G7711p3Of%2B6gz7p5QIt58Vv2GBgMmfT5c9OaMulMSXmodDptJZCDmbU%2FWS8S21Oey7jc5pxS8BquOSqGSOA9t8GUmkhelD4RBTDkX5YbLlxragaaIQX6kJDBj8D6QkZjCZcMNTR4jeTmX45UYaEkGw0zxluAbL1d4%2B2VkNauEcRynSn%2F8orOK7nc90RWrp24OeJUPhG8h9n%2FNdjV16lCv6s9Pm4jCToED6X%2BDLVWGr8fvvH1mWvUgXPK6j&nvMid=29030296586&catId=50000248
Apple 아이폰 13 프로 맥스 1TB [자급제],판매중단,https://cr.shopping.naver.com/adcr.nhn?x=KiSHTmLM3mOMEZ7UBzNzlf%2F%2F%2Fw%3D%3DsfTI%2Bq6%2FAyMkMjD%2F8HgYjuQkuqmZwLEA1NJZBiFaAS5hhJz9H0Ub4KLvuVTVtNMxMwEZwr0Gd%2Famzq0ifKHNcuN4PvujVM0%2Bxj0P11tj1NO6dd9COmiz%2F5iGJsyHDfxqfkM3APQ9eNQpNcbx755NVpMi30QtKP1mA7BYZPpxeJLexWvZfe2todmJfmpbNrXnqArgGaDBKbEfnwAwTC02FZ7ix7jXt7MNVc9AIu4EfDZlNEwRr%2B3STfYHGn%2FB5b3e4SnsDfOMOZlbxCspUivFxGKuau7Ijgb8shCaYowFqao7L%2Fowdnq7%2Fmfq67OVRzok0S5SJNLgIdS1XFCtZ5GETGIHRLkEsfOdJXBZWCjw9IOMncNvTLYFqI8oCr%2FwqYPU9G1fUqIZ7CTqeNBeEUiuIjaAB8uIYu9siF3ut%2BuyVuCsulMSXmodDptJZCDmbU%2FWS8S21Oey7jc5pxS8BquOSqB9aPs60XaAs0yLnBVw2nhoFlY2PJxmXo%2FLApBw6QUOlmWXdAuntmcqbOFOk%2BQxKwTsYpWArfrP4OWQG6aF6ItiX5VmJp1turhqTc8w906ZIjr%2Fvhuz%2FM2bOeEg7k3nONTrKq9S4gRJ4of37hmDRxEeBAI%2F9sQRO2Am9a%2BRTB%2Fq9QdAiJdwXirBRdnaxfvrBbw%3D%3D&nvMid=29029192590&catId=50001519
Apple 아이폰 13 mini 자급제 128GB 스타라이트,"950,000원",https://cr.shopping.naver.com/adcr.nhn?x=VWImsgXY%2BqNfi41fxZc9sf%2F%2F%2Fw%3D%3Dsg0KifOwjfmkogc5KN0OgUKIRNpJt%2BEvll%2BB1V3i39D5WQE1WikGGRjsm7ORTamZ7zXmvFXk1ectvANVoS%2BMaPtFkQXIWSJEKAyLjcQs2Nu3TxSCM9%2B7xuSGJ404soaUTkOZVfO9S6FuuxR%2Fovlk54XzmYN%2Fcvl75AGnByk2TjWEm5OY6%2FBA05LWPXaqTF3xXnI3Q%2FuFm111yFJnQ1iq5BxkZ7hw%2FtxVhT2jrdwZs57yFZoZIJxRnIYyAS8yKlVFMicXcOevWnsHWj7y8RZi5UpBP%2FX5SqWs%2BXBdSekP8W2nhQkMaAWb5qR5PSbbEHHz4g4r4C1E%2FL2IdU7KpKTQzuYBsJjzV%2F3vl5Lmd9HbkUGI%2FzdYC%2FwYAihDQzAs9Z5v9JMwavffUOOG3ipRi5TtrSyCEr1xyY6GFkSu2GoxIDF3%2FRfyAUEGGvquedOTk2rasqbLlog5fuq7XaYYPvEibX%2FMfo3nPGqzdI1bbGwzcRzMHs7fDUF3hntINts72qVF3OmJZvzC6vjQ2etE4Mw0VKBKwdj7zf4TolMnZxy1%2F%2B7imvJyuVhtzwLSQdCcJi2QgJB7PSUjslBNLW0Bc%2BNkvH1LiBD1sJ7Lkcj8qFhOvWC0ugiDh5S8n%2B7Rc0MeNuzgdPG2zPeCD2ceVIXHCJzQMziBmQgwPPJl0T43Cbwh5Zhjke%2FVP%2BgM94BPZkP5YJ%2Bex&nvMid=29056371112&catId=50001519
애플 APLLE 아이폰13 미니 256GB 미개봉 미개통 새상품,"832,510원",https://cr.shopping.naver.com/adcr.nhn?x=W9RyEbTxkNK3SQ2xhbmvcv%2F%2F%2Fw%3D%3Dsbqu1jN2Pq4jz1Ct8o5ZOzJgnJT3u9y2N9MNJfaKnsutWQE1WikGGRjsm7ORTamZ7EAvGv%2FvwjaM0D4ZZ%2FInS%2BtFkQXIWSJEKAyLjcQs2Nu3TxSCM9%2B7xuSGJ404soaUTRFNkh0beUeEzI59v4PVFESzztiNeGgmURYtyCzXs5b2%2BdiA1UqdIdeTgkLRUuF7H1OxU0oJKA7czeBjiE2s03Zs%2B%2Fin8bb9DW%2BHj%2FvM0NEJ32NxfsNKuivqhCX8hEyNsbynxoBdZv2ocKjTHzk7ENbdEBDWBVw0RlzrN2KxzOREkx63w5Tb7Pcz2gZr1HMMs4cgVvHogZNQGfsBo%2FAawyjPDpGIrabitp2up06DaRfi54J8UO7LDGXdPU9Do8oyMXmq0wb8nQ9S1CNyVqQgAyHESGLKF1dPBWFXDVFRoektuC%2FR0AErOT6%2Bh28qhDv82%2F0X8gFBBhr6rnnTk5Nq2rIYxEY30K%2F8JxGhk7xRWoWlIa%2FIDcyjh15RQN5IM5zaTw1TzHN04iEOOvLUvaouu%2FelMCakaAu1DPaejEt46FgMsDkywQLz%2BDV7pi0XVmnNLdSabezMWaUK6pIk275EkjmziRKchRP7e3BGwIIlEt%2FnSmoX0dODoupVPRxg3YK6Fn1yuMAT2dcS20mLm%2BjMqzoYC%2FbED3GC5WQIkmmh93e6DqrWmZeSdyy5VZiTCkcrt0OBZ4Fmpgo7KhEWNAAQlRw4SwcLvxUEucVmH%2BcOht40%3D&nvMid=28956671460&catId=50001519
Apple 아이폰 13 Pro 자급제 128GB 실버,"1,350,000원",https://cr.shopping.naver.com/adcr.nhn?x=9pWakLiWmMzPjVgpHxf1Pf%2F%2F%2Fw%3D%3DsFcHrMZu%2Bt3fD6WPSweWaX%2B8XiTWGEhfIOf%2F4WxZDp9IbsBKbbjTB%2BBCjsLv6tz%2BjC2XyMx5mYuP4dbxGtGl%2Bf%2BdF1c7tja%2BVkw7wDggzhMn%2FsnNYKHjnyaI1Y3nrEGOtOmLQ6S1OjkxjNZHOv6oeq3ULJJH%2BMKqMyaVu%2BUeO3m60%2B85WmSKK5LY2dJjcChMGEH%2BAaYhDPzU3ewm5W9RQFSU%2Fm2xqZqjSx%2FWWVKZa%2B%2Bam0lIrSs9UWneMMA5h%2FaocCVikFzKNz9gf3PPHusjjNrS5nP%2B8vPWPfSBwfu8dRnX%2Bzt1ptwrzAO2vtDJUegUaBevcltV6vquI7YizoemdMEPg%2F6PYJW9LpCSumzPJoigK7CtQzZWLlur1%2FFge4%2BEp95lGh32jYQbo3Pw4ij9e0ztyVOQSR%2BHUQyTnGIV4WiTqdi3Q%2Fm8V2A5jR123nAwZaS%2FKGTcTgiD6qvc7gYN1rGW2tMyjzi3YbTnAXXuh3hSpp5UgdwAL0UHEe5a4LJbgCKH9PYpnZ1kjNoJbF5VnyxpJ7GF4O3S9G%2FxX1qACrHo9LH37yOODS%2FK4zdoqjwRG%2F54EO63ZJ39mVsWB5RbznCUzcx3FfBwCM0u9BEpRVAGPBimPDZwOttZjcrwUclZ94%2FGN4EiVlBXfte9oGZ2p05C4TajnLauAnhHcjafZ2oZoaKZHilHbuauHUigNM5KA&nvMid=29104707957&catId=50001519
애플 APLLE 아이폰13 미니 128GB 미개봉 미개통 새상품,"690,000원",https://cr.shopping.naver.com/adcr.nhn?x=2x1gJc79r0lixvfwy8lukf%2F%2F%2Fw%3D%3DszCQdMh4Ca0rwhqAnvDTd17tKj0qR8MFRclW%2FoMtlDG4bsBKbbjTB%2BBCjsLv6tz%2BjybmqeZRzM6C43uNPm3iPgikCu31MVYJ6mBTBnWprmhP%2FsnNYKHjnyaI1Y3nrEGOtOmLQ6S1OjkxjNZHOv6oeq8mCS8YqD3IEJhWUPeYSnGEnxTl42dGCYBR9DMfmEMwEB7HQ%2Bai6L56XVJR33K6gf00oi16NL89A5pK5aK3X456bQAUpBEr4OLN53eLsG%2BOb536AAHD%2FaCjs0HXPjfSeOiiNMdu%2FDZwp%2Fv96WTM%2FWqDGsCEAaB0bUuA7guzNM7s67b947KzkCD%2FjJGPYd5I3mKuau7Ijgb8shCaYowFqao7L%2Fowdnq7%2Fmfq67OVRzok0S5SJNLgIdS1XFCtZ5GETGPB3cYaMm1pwruwPOJ%2BO%2F%2FCTWyyhJFtlYy1ntMx95fHS6nYt0P5vFdgOY0ddt5wMGb4Vqn4rSOBMn1nL8mT12zCFmGX8PrVdR%2Fm%2FATA3bjBpOV7uxSUwZaIwxBd7KGFd1rhJAUVW2i05rtZY7W%2Bkf3ea01ukK1VAk5b5VgJul0z9gJYOiuV%2BAvf5VWHyiR1JeTulBXMG7WVUNNGPsx5675e1q1c6RF3SyAn2HCuFer7iTIdlcQcs3cZfYIq4siBMNi6CIOHlLyf7tFzQx427OB3QOVg0tadr4sMI%2FnvGTb1g25fcSyVqUaT0j%2BswEVQTleR79U%2F6Az3gE9mQ%2Flgn57E%3D&nvMid=28956734948&catId=50001519
Apple 아이폰 13 자급제 128GB 스타라이트,"1,090,000원",https://cr.shopping.naver.com/adcr.nhn?x=9RWCz4GabOhAQAxAhCkNfv%2F%2F%2Fw%3D%3DsyuepcN0EnuOFtIB%2BJHBFiKeD%2FTuonhgPvl0SVS9t2jIbsBKbbjTB%2BBCjsLv6tz%2BjiQVZaigeQ1ZmzAd5WmB%2B3oivAI%2B3oC5BfqxJpJmcQvv%2FsnNYKHjnyaI1Y3nrEGOtOmLQ6S1OjkxjNZHOv6oeq3ULJJH%2BMKqMyaVu%2BUeO3m60%2B85WmSKK5LY2dJjcChMGEH%2BAaYhDPzU3ewm5W9RQFe%2FnI3Hg9RH4gJ1st0gLvsQZ8a3%2F2J1oFGDSMtuBIK1k027SHiTG7OU8pHXk27bx07S5nP%2B8vPWPfSBwfu8dRnWwYf%2Fn2MLLubQ1LyqJCvr7BevcltV6vquI7YizoemdMEPg%2F6PYJW9LpCSumzPJoigK7CtQzZWLlur1%2FFge4%2BEp%2BfDYErwelplOf7WltP2Xh7DnAvOnyxG9p0qO40fN72Dqdi3Q%2Fm8V2A5jR123nAwZsBcnJy4cnXkvK%2BrGDkIwGaFj0DnuUAwot0YNp0iliKWpp5UgdwAL0UHEe5a4LJbgKjElP2JLjsGWfY%2FcDITubFwXoK5sRapfu3MMLWENQNRXpycH7JYwLLGPXute%2FyKuL3aXMZghk2CNFMEpXJGpCPQ8z6svCcVIb6rP3LRk77LCkd2CpQ%2FahgJeoF%2FR72Tu9CDBJAyV7AR8n0EQaVR1jwhkudcnZh%2FJYRs8Puv4tDxWhZ3SMHTcLlpircdRzUgq1JIslBmdxaTx7xO1%2BPPoWw%3D%3D&nvMid=29056347298&catId=50001519
(픽업전용) 아이폰 13 자급제 128GB 핑크 (MLPH3KH/A),"1,057,300원",https://cr.shopping.naver.com/adcr.nhn?x=gTxRh%2FLhED5RHn9Lt046xf%2F%2F%2Fw%3D%3DsG4LtHFw2rPgaHd5tmWQF4Of5NBVzLsmMShXTE%2FNrrOFhJz9H0Ub4KLvuVTVtNMxMsaKxxW1zm%2BfB30cRp49zGt4PvujVM0%2Bxj0P11tj1NO6dd9COmiz%2F5iGJsyHDfxqffWcKQKRy%2B7cgpC7lB72G5CTGCD9Vz5n4ms8MDGQoS0OXy0ZyPizqqSo9HPLc4z9cHwu4RmeX5lhA%2B3bG%2BcFpZiSSSBZNfNAC4KkCgJfmFUOorYoLP33X0ay3h2id35cpW0W7fEggyYTMgSGtXVNQKtNGtWpZ6YiIEmsGcwxqTXRjjfGdjMKw2veP%2FK%2B10P8YSACfyUPb7GuBuWsGpjA91YrHsbeStsmJBfOvK7DA6onk7CGgTyAQp1eB6QHmtuAv%2BwDPYJHftm3AEUbZ2U1aice9j9TM33g7MivnAbc9%2BIB%2Bk%2FykAvVh6oReXg2IQ8Djx4v97KJNGMRcAgKSQNS3zicd5sPGxwfs7ah6JyFgFzZiSo51go1deqPIm4PXVON5y17KI2lCSemVkMdyoYjXr5BNsp%2FCCUIMLcy8nf0SFEPzotpRx8Z67hMPUuDGr7chUOQltuFRbqrLpNsESdZvVbN%2ByXFHMeCaBJMSQ8c6wm8ugiDh5S8n%2B7Rc0MeNuzgdIzg8LEws5IwzZMH8S%2BjXzyyr0U0FiF9iOVp7cAGaZinke%2FVP%2BgM94BPZkP5YJ%2Bex&nvMid=29314100909&catId=50001519
(5차예약)아이폰 13 미니 자급제 128GB 핑크 MLK23KH/A,"921,690원",https://cr.shopping.naver.com/adcr.nhn?x=mvArlzkNoWgT0Ms%2FT5EMJf%2F%2F%2Fw%3D%3DsazyRnXLJgLHsTJNv5FPqkedtcj6NY9mBMEJPJ4P7ZSEbsBKbbjTB%2BBCjsLv6tz%2BjQ66sWDIy1343y9R2butKWm8XB4M7x7K%2F%2BhRsuOkKYyz%2FsnNYKHjnyaI1Y3nrEGOt%2Brbo8iHVfOV8BWcpW4pLhnCmjomTCfccIxWbx2Xshhmig%2BHNPcXun0BGYcBoypJ8bpig%2BMxK9R9my3mqvS3PRJQQBsywLm8rewDomU3PMDcqs8FI7PXXYjZcp%2FrPY3q3ttL9uhYa5SgY92RIBZWuA4SILE%2BDrw6gCbfqrte5SEAKoMdVk3G7l21qqrgTVR9vZXOj9WGo5ybPz0ODFj%2FgO8HPv45Edr5fvvv%2FlTzZa4VEOnKSk6pZmBmpZwGZXBENBrDfc5GJIo5YuIBv8iw4QZUpTe0jsvKpdqKyxdajAW5Lqcqiq26vqIZKGrP1ToVulncfdRYeO1ugLDGzTN7ZyDsNiFKd2h1HaibtqYPZYl4QwOZqmZGCjMn57wFTYk9mWlm5Di1MQGrMAH8eqwHKGDA1udN8Zfd34BpPTnfhoCy1dpHAQWjLmHNJG70ir39IRgxkUjQloHX3SYp8sAr5a%2Fur87s%2Fy%2BLqe3MxooBkpZPmELFO07QEQYUyi%2Bk709RTpnD1iC1nqthJFSCml7hldhcCHqtU4dRGfs2GgKdf2VpvU2Y6hEEwGxc1AZfON9sL4VRAH%2BsMDObarUodGweR8Q%3D%3D&nvMid=29416071385&catId=50001519
Apple 아이폰 13 Pro 자급제 128GB 시에라 블루,"1,350,000원",https://cr.shopping.naver.com/adcr.nhn?x=Uc9WAPq08sOCXE4JoItuZv%2F%2F%2Fw%3D%3DsIY%2F%2F72kTK%2B8nX8f2SaFGSUDHHKZfEdsavVXSQ33an8JWQE1WikGGRjsm7ORTamZ715aQWjtgGvShtT1S0939VdFkQXIWSJEKAyLjcQs2Nu3TxSCM9%2B7xuSGJ404soaUTkOZVfO9S6FuuxR%2Fovlk54XzmYN%2Fcvl75AGnByk2TjWEm5OY6%2FBA05LWPXaqTF3xXnI3Q%2FuFm111yFJnQ1iq5B812WLu%2F7%2Beay82t10ZeJk%2Fx7BERMNIBy49VGfkYshc7mvuwA%2BXd3rKCGtuS7lnYxOwViFu89UAhDKyVWT5tkv7GZvcA0Bzo0XxLC1d7WlYcg4r4C1E%2FL2IdU7KpKTQzuYBsJjzV%2F3vl5Lmd9HbkUGI%2FzdYC%2FwYAihDQzAs9Z5v9bwDfwM4w5OGON4AFdaHMACCEr1xyY6GFkSu2GoxIDF3%2FRfyAUEGGvquedOTk2rasozy%2FgEP0gjIp8jQuq7iHi%2FMfo3nPGqzdI1bbGwzcRzMHs7fDUF3hntINts72qVF3213yCfgwHuIkSslWlEG3fmFPL9ThZXDMlvCKHiqAD4msn1flQHopGw0TGui7VmcLJB7PSUjslBNLW0Bc%2BNkvHywB%2B5fA763rLQaoQYrJPM9lNzdJFgkoR1MOL3Zb6EWFyuMcdCHBAP3bktsGnvZ9T%2FCr4PZrcv7PR7Idvc%2Bp%2BRFXc50eBITwugSNPH3Ok09sVpGw61BSdoQRvEGgfFlc5w%3D%3D&nvMid=29056584214&catId=50001519
Apple 아이폰 13 mini 자급제 256GB 핑크,"1,090,000원",https://cr.shopping.naver.com/adcr.nhn?x=EXMxsnjbWZoEaZF%2F1%2FJZJv%2F%2F%2Fw%3D%3Dsnr%2F3gTYUIlotZvH%2F515KrSaKJ8nCIQLFYej1W988CotWQE1WikGGRjsm7ORTamZ794%2BTrKlXBC5Bl%2FDnu0SSztFkQXIWSJEKAyLjcQs2Nu3TxSCM9%2B7xuSGJ404soaUTkOZVfO9S6FuuxR%2Fovlk54XzmYN%2Fcvl75AGnByk2TjWEm5OY6%2FBA05LWPXaqTF3xXnI3Q%2FuFm111yFJnQ1iq5BxkZ7hw%2FtxVhT2jrdwZs57zZ8xWORluCSTI8I6r7h1xK6kk6ZGtD96iRw55GBYR9DBrt4JMenQXuEMAeojVWpXfHSRNnia37nvAaCm36Z0HGg4r4C1E%2FL2IdU7KpKTQzuYBsJjzV%2F3vl5Lmd9HbkUGI%2FzdYC%2FwYAihDQzAs9Z5v9qxYJJcGhGTUqyJWcE0hOEyCEr1xyY6GFkSu2GoxIDF3%2FRfyAUEGGvquedOTk2rasqwFTCXR9sVPgV%2Bz9WbZOnvMfo3nPGqzdI1bbGwzcRzMHs7fDUF3hntINts72qVF3OmJZvzC6vjQ2etE4Mw0VKEz%2BVX%2Fjz8i7sZVcT6HXnm0L6nrfebnckJCqgqS%2F1UnI0ATwEMliyAchTXh0QpyxccW8TYJ1YoScvnnVpsV8THDifMrCQW2UZ6VNG2kv7b80dgwgWvoYjEWN7myl1LiPOSer7lV6jDaaGzZ4vIpwv2sdHI8FZtQVGFZJxOyBDKc%2B&nvMid=29064819083&catId=50001519
APLLE 아이폰13 미니 128GB 미개봉 미개통 새상품,"686,250원",https://cr.shopping.naver.com/adcr.nhn?x=%2FHPZiUteMWaRGO1s9K%2F5zf%2F%2F%2Fw%3D%3DsL0y2Aunqr3GRGxA%2F7rO%2BliitYeqrhaSz2vNg38B5X71hJz9H0Ub4KLvuVTVtNMxM2ZMV79Hagn7LRmsl%2Fci04d4PvujVM0%2Bxj0P11tj1NO6dd9COmiz%2F5iGJsyHDfxqffWcKQKRy%2B7cgpC7lB72G5O0JZ4vKXq2xVuFay0gNbwiO%2FsdgQE5FIA0Tw1QMogpFDb3RlaPQbMNb4sRW6K1ydsEKMcxPZKkSw70SwfyDOcK0rkL53%2FvGYL2MyVckldLHg4r4C1E%2FL2IdU7KpKTQzuYBsJjzV%2F3vl5Lmd9HbkUGI%2FzdYC%2FwYAihDQzAs9Z5v9apzmUZbBJzdS5z1wTN4825rozzkiBhjIH5Iu6C5qX6kdZZNZjH%2BTc1p6HDcLfXJes%2BfW5rh3hDtwb9WhaKkriiAhxaxSIZQ%2Febhg8cd5Q16DhiAEPQMKMhAEAy04%2FTl4UP%2FovdjbxchRBO5x0Xi6vc1FqQTjNw0%2FnLg9eUiVo%2B%2FE%2BCzYZNX92AemhTBxmWs2uup4Zqeoe5I%2FYLTH2KCHQebE8BgQRFYjQhDCd1kw23WPBimPDZwOttZjcrwUclZ9RZn5dK%2FBxg7k6uQ3wuSj6hc6nOfxIOcxtXctYLQZcgtoaKZHilHbuauHUigNM5KA&nvMid=28956594759&catId=50001519
Apple 아이폰 13 Pro Max 자급제 256GB 시에라 블루,"1,630,000원",https://cr.shopping.naver.com/adcr.nhn?x=9yqVTVYLUNAl5wcgbBWjN%2F%2F%2F%2Fw%3D%3Ds%2BWFoIkDLq4wzS52h67yhQnoU1DVstTC%2BESfIZcUenodhJz9H0Ub4KLvuVTVtNMxMK9dKGuU6Ha1rMmb8g91Nqd4PvujVM0%2Bxj0P11tj1NO6dd9COmiz%2F5iGJsyHDfxqfkM3APQ9eNQpNcbx755NVpG3JzeXxkSdTecfUR4%2FvRQjd%2BKwjnmE8nmku4yNhWgwhmfLAARyRl0caaiEG3Q2bq8qTzqn6P1DP1IgJ5KU6NAQaKQRLPXtCJXGeTzmOxceNCfjWk%2B%2FTqAmb0bubn8eSIqK5uUEs%2BqMGnIyvfnClDLB9W3thuQAJwsyZ4pGMEVTNESJ%2Bl%2FSyuw1kP62FktuPv8OmY27ZGze0Q%2BtXRlM4OxtarJoVrbEtunAYIkKGowOqcYHe0rxBw4SVK17ybE%2BPGBWaWYkTj7xp9KvzGz7%2BZegbV9SohnsJOp40F4RSK4iNOSO37Iau99mA2GIk7J09m83zVaNSnElUms3mYOzPgGkTFHVfVt6irmg4aToR%2FDWxOaE99wIr1PwDwGoOwVC%2BOiRU8Ikgxd0JkZReaBsr2uvrf5d4l3fNMY6tJIzpm7a7C%2Bp633m53JCQqoKkv9VJyL9u8YH88eOgWhts3%2BRw7TbFvE2CdWKEnL551abFfExwKhHI2C71zfd%2FdrGmQaj3bBot8UxUB%2BNwB%2B5ffrjuUCoLVKRoS4b2LYiKxyK6b7zDHRyPBWbUFRhWScTsgQynPg%3D%3D&nvMid=29056562163&catId=50001519
Apple 아이폰 13 Pro Max 자급제 256GB 실버,"1,630,000원",https://cr.shopping.naver.com/adcr.nhn?x=amhqzM87p8J6uVlhTDPtcP%2F%2F%2Fw%3D%3Dsw4jJBfgvUGpXIgth1cBGLDW51g2Gx5s4daKVCycc1AgbsBKbbjTB%2BBCjsLv6tz%2BjpLx1DIvc8nMfm3Yt%2Bu3cP1BBPUhW0lAwIsgHCcl0qXb%2FsnNYKHjnyaI1Y3nrEGOtOmLQ6S1OjkxjNZHOv6oeq3ULJJH%2BMKqMyaVu%2BUeO3m60%2B85WmSKK5LY2dJjcChMGEH%2BAaYhDPzU3ewm5W9RQFVg48q4ovEcw99T7g4vUYex0UCmF%2BvtjyzUvhWgazvv9dOC5FbIXCt%2FquBOCLcBofLS5nP%2B8vPWPfSBwfu8dRnWeVlefy7%2BuOk1HEQTDinF4BevcltV6vquI7YizoemdMEPg%2F6PYJW9LpCSumzPJoigK7CtQzZWLlur1%2FFge4%2BEpS8HL2M6bN00PIF7lIAqb%2Bj6S%2BlfxBiw%2F9YGA6PQNeozqdi3Q%2Fm8V2A5jR123nAwZ6veKPl7lKWsjK0Pn%2BU0r88nIDwjD5%2B0Sx8ypSOphmZ6pp5UgdwAL0UHEe5a4LJbg0Zick7esLTxNeyDOrXPdEhTup4zAQuBYhQf463juUAZSsJuXvP4K0LRz%2BtgsdeDqJB7PSUjslBNLW0Bc%2BNkvH%2FuRgDbq0A6DLQD%2Fz9v39FRlNzdJFgkoR1MOL3Zb6EWFLvYRLjOS3b%2BXSCA%2FoeY1PCnD3i68VgV4S0lu%2FNTuKhNXc50eBITwugSNPH3Ok09sVpGw61BSdoQRvEGgfFlc5w%3D%3D&nvMid=29477160010&catId=50001519
